Key,P,类型,问题,修改建议,位置
plan-001,P0,标题批注错误,"标题 ""3、实时进度反馈：批量导入过程中，界面精确显示当前进度（精确到10%）。导入成功或失败均有明确提示，失败时具体说明原因（如格式不支持、文件大小超限、内容",移除标题上的批注，批注应加在正文段落上,3、实时进度反馈：批量导入过程中，界面精确显示当前进度（精确
plan-002,P0,段落缺批注,"段落缺少批注: ""附件1：需求与验收标准""",为该段落添加批注说明,附件1：需求与验收标准
plan-003,P0,段落缺批注,"段落缺少批注: ""（一）多源知识导入与智能化解析需求""",为该段落添加批注说明,（一）多源知识导入与智能化解析需求
plan-004,P0,段落缺批注,"段落缺少批注: ""【应用场景】""",为该段落添加批注说明,【应用场景】
plan-005,P0,段落缺批注,"段落缺少批注: ""企业及个人用户需将本地或系统内分散的文档（包括但不限于Office、PDF、图片、音视频等）快速导入知识库，通过系统自动""",为该段落添加批注说明,企业及个人用户需将本地或系统内分散的文档（包括但不限于Off
plan-006,P0,段落缺批注,"段落缺少批注: ""【利益相关者/执行人员】""",为该段落添加批注说明,【利益相关者/执行人员】
plan-007,P0,段落缺批注,"段落缺少批注: ""个人用户、企业用户（如知识提供人、知识管理员）、系统管理员（负责数据迁移与日志审计）""",为该段落添加批注说明,个人用户、企业用户（如知识提供人、知识管理员）、系统管理员（
plan-008,P0,段落缺批注,"段落缺少批注: ""【条件】""",为该段落添加批注说明,【条件】
plan-009,P0,段落缺批注,"段落缺少批注: ""【输入】""",为该段落添加批注说明,【输入】
plan-010,P0,段落缺批注,"段落缺少批注: ""——目标知识库存放路径（如品类/子品类/项目/文档）。""",为该段落添加批注说明,——目标知识库存放路径（如品类/子品类/项目/文档）。
plan-011,P0,段落缺批注,"段落缺少批注: ""——解析功能开关（是否启用摘要、关键词标签、思维导图生成）。""",为该段落添加批注说明,——解析功能开关（是否启用摘要、关键词标签、思维导图生成）。
plan-012,P0,段落缺批注,"段落缺少批注: ""——用户手动触发重新解析的指令。""",为该段落添加批注说明,——用户手动触发重新解析的指令。
plan-013,P0,段落缺批注,"段落缺少批注: ""【做什么（程度/效果/反馈）】""",为该段落添加批注说明,【做什么（程度/效果/反馈）】
plan-014,P0,段落缺批注,"段落缺少批注: ""【输出】""",为该段落添加批注说明,【输出】
plan-015,P0,段落缺批注,"段落缺少批注: ""结构化知识单元：导入并解析完成后，输出包含摘要、关键词标签、思维导图的结构化内容，关联原始文件，存入指定知识库路径。""",为该段落添加批注说明,结构化知识单元：导入并解析完成后，输出包含摘要、关键词标签、
plan-016,P0,段落缺批注,"段落缺少批注: ""实时进度与状态报告：界面展示精确到1%的进度条，并提供导入成功/失败清单及具体失败原因。""",为该段落添加批注说明,实时进度与状态报告：界面展示精确到1%的进度条，并提供导入成
plan-017,P0,段落缺批注,"段落缺少批注: ""敏感信息预警/隔离记录：对被隔离的敏感文件或内容生成记录，通知相应用户或管理员。""",为该段落添加批注说明,敏感信息预警/隔离记录：对被隔离的敏感文件或内容生成记录，通
plan-018,P0,段落缺批注,"段落缺少批注: ""可导出的操作日志：提供包含文件列表、处理时间、处理结果、异常信息等在内的批量导入日志文件。""",为该段落添加批注说明,可导出的操作日志：提供包含文件列表、处理时间、处理结果、异常
plan-019,P0,段落缺批注,"段落缺少批注: ""【外界反应】""",为该段落添加批注说明,【外界反应】
plan-020,P0,段落缺批注,"段落缺少批注: ""用户无需手动整理和转换格式，知识入库效率显著提升。""",为该段落添加批注说明,用户无需手动整理和转换格式，知识入库效率显著提升。
plan-021,P0,段落缺批注,"段落缺少批注: ""企业知识库内容快速丰富，文档管理员管理负担减轻。""",为该段落添加批注说明,企业知识库内容快速丰富，文档管理员管理负担减轻。
plan-022,P0,段落缺批注,"段落缺少批注: ""当解析准确率与敏感识别率达标时，用户对自动化工具的信任度增强。反之，若解析质量不足或误报率高，需优化解析算法及敏感词库。""",为该段落添加批注说明,当解析准确率与敏感识别率达标时，用户对自动化工具的信任度增强
plan-023,P0,段落缺批注,"段落缺少批注: ""（二）AI精准检索与问答需求""",为该段落添加批注说明,（二）AI精准检索与问答需求
plan-024,P0,段落缺批注,"段落缺少批注: ""【应用场景】个人用户需快速查找个人知识库中的知识，或结合全网信息获取精准答案；企业用户需查找企业内部知识，且只能查看自身""",为该段落添加批注说明,【应用场景】个人用户需快速查找个人知识库中的知识，或结合全网
plan-025,P0,段落缺批注,"段落缺少批注: ""【利益相关者/执行人员】个人用户、小团队成员、企业员工、企业管理员。""",为该段落添加批注说明,【利益相关者/执行人员】个人用户、小团队成员、企业员工、企业
plan-026,P0,段落缺批注,"段落缺少批注: ""【条件】用户已登录系统，拥有对应知识检索/问答权限，知识库已存在可检索的知识内容，网络连接正常（全网检索需联网，私有检索""",为该段落添加批注说明,【条件】用户已登录系统，拥有对应知识检索/问答权限，知识库已
plan-027,P0,段落缺批注,"段落缺少批注: ""【输入】检索关键词、指定知识库（所停留界面、或所选择文档夹、或所打开文档下、跨文件夹或文件）、问答问题（输入文字/划词触""",为该段落添加批注说明,【输入】检索关键词、指定知识库（所停留界面、或所选择文档夹、
plan-028,P0,段落缺批注,"段落缺少批注: ""【做什么，程度/效果/反馈】用户可通过关键词、指定知识库、划词等方式发起检索/问答，系统根据用户权限筛选结果，检索响应时""",为该段落添加批注说明,【做什么，程度/效果/反馈】用户可通过关键词、指定知识库、划
plan-029,P0,段落缺批注,"段落缺少批注: ""【输出】检索结果列表（按相关性排序）、问答答案（含溯源链接）、追问入口、无结果推荐内容、权限不足提示（无查看权限时）、问""",为该段落添加批注说明,【输出】检索结果列表（按相关性排序）、问答答案（含溯源链接）
plan-030,P0,段落缺批注,"段落缺少批注: ""【外界反应】用户可快速定位所需知识，无需手动翻阅大量文档，问答结果精准可追溯，权限隔离可保障企业知识安全，无结果时可通过""",为该段落添加批注说明,【外界反应】用户可快速定位所需知识，无需手动翻阅大量文档，问
plan-031,P0,段落缺批注,"段落缺少批注: ""（三）精细化权限与安全管控需求""",为该段落添加批注说明,（三）精细化权限与安全管控需求
plan-032,P0,段落缺批注,"段落缺少批注: ""【应用场景】企业管理员需基于组织架构设置不同部门、成员的知识访问、编辑、管理权限，保障企业核心知识安全；个人用户需保障个""",为该段落添加批注说明,【应用场景】企业管理员需基于组织架构设置不同部门、成员的知识
plan-033,P0,段落缺批注,"段落缺少批注: ""【利益相关者/执行人员】企业管理员、个人用户、企业员工。""",为该段落添加批注说明,【利益相关者/执行人员】企业管理员、个人用户、企业员工。
plan-034,P0,段落缺批注,"段落缺少批注: ""【条件】用户已登录系统，企业管理员拥有权限管控权限，个人用户拥有个人知识库管理权限""",为该段落添加批注说明,【条件】用户已登录系统，企业管理员拥有权限管控权限，个人用户
plan-035,P0,段落缺批注,"段落缺少批注: ""【输入】权限配置指令（选择用户/部门、设置权限等级）、敏感信息识别指令、操作日志查询指令、权限修改/撤销指令、隐私设置指""",为该段落添加批注说明,【输入】权限配置指令（选择用户/部门、设置权限等级）、敏感信
plan-036,P0,段落缺批注,"段落缺少批注: ""【做什么，程度/效果/反馈】企业管理员可进行精细化权限配置，敏感信息自动识别并隔离，操作日志可实时查询、导出，权限修改/""",为该段落添加批注说明,【做什么，程度/效果/反馈】企业管理员可进行精细化权限配置，
plan-037,P0,段落缺批注,"段落缺少批注: ""【输出】权限配置回执、敏感信息隔离列表、操作日志（含操作人、时间、内容）、权限修改/撤销通知、个人隐私设置状态、权限不足""",为该段落添加批注说明,【输出】权限配置回执、敏感信息隔离列表、操作日志（含操作人、
plan-038,P0,段落缺批注,"段落缺少批注: ""【外界反应】企业管理员可高效管控知识权限，防止核心知识泄露，操作日志可追溯，符合合规要求；个人用户可放心管理个人知识，无""",为该段落添加批注说明,【外界反应】企业管理员可高效管控知识权限，防止核心知识泄露，
plan-039,P0,段落缺批注,"段落缺少批注: ""多源知识导入与智能化解析需求""",为该段落添加批注说明,多源知识导入与智能化解析需求
plan-040,P0,段落缺批注,"段落缺少批注: ""- 性能：支持单个文件最大1G，单次批量导入文件数量≤1000个，单个长文档解析耗时≤30秒/100页，多文件同时解析不""",为该段落添加批注说明,- 性能：支持单个文件最大1G，单次批量导入文件数量≤100
plan-041,P0,段落缺批注,"段落缺少批注: ""- 可靠性：导入过程中网络中断，重新连接后可继续导入，不重复导入已完成文件；解析过程中无文件损坏、内容丢失，解析结果与原""",为该段落添加批注说明,- 可靠性：导入过程中网络中断，重新连接后可继续导入，不重复
plan-042,P0,段落缺批注,"段落缺少批注: ""- 可服务性：支持导入/解析失败排查指引，提供常见问题解决方案（如格式转换工具推荐），支持批量导入日志导出，便于核对导入""",为该段落添加批注说明,- 可服务性：支持导入/解析失败排查指引，提供常见问题解决方
plan-043,P0,段落缺批注,"段落缺少批注: ""- 文件数据迁移无遗漏，覆盖率100%。""",为该段落添加批注说明,- 文件数据迁移无遗漏，覆盖率100%。
plan-044,P0,段落缺批注,"段落缺少批注: ""AI精准检索与问答需求""",为该段落添加批注说明,AI精准检索与问答需求
plan-045,P0,段落缺批注,"段落缺少批注: ""- 性能：单用户单次检索响应时间≤1秒，问答响应时间≤3秒，支持多用户同时检索/问答（≥1000人在线，≥50人并发问答""",为该段落添加批注说明,- 性能：单用户单次检索响应时间≤1秒，问答响应时间≤3秒，
plan-046,P0,段落缺批注,"段落缺少批注: ""- 可靠性：检索/问答过程中系统不崩溃，权限筛选无遗漏（未授权内容不展示），溯源链接准确可跳转，多轮追问可连续响应，无答""",为该段落添加批注说明,- 可靠性：检索/问答过程中系统不崩溃，权限筛选无遗漏（未授
plan-047,P0,段落缺批注,"段落缺少批注: ""- 可服务性：支持检索/问答结果反馈（如结果不精准可提交反馈），提供检索技巧指南，权限不足时提示申请授权入口，系统异常时""",为该段落添加批注说明,- 可服务性：支持检索/问答结果反馈（如结果不精准可提交反馈
plan-048,P0,段落缺批注,"段落缺少批注: ""精细化权限与安全管控需求""",为该段落添加批注说明,精细化权限与安全管控需求
plan-049,P0,段落缺批注,"段落缺少批注: ""- 性能：权限配置/修改/撤销响应时间≤1秒，敏感信息识别响应时间≤3秒，操作日志查询/导出响应时间≤3秒，支持同时配置""",为该段落添加批注说明,- 性能：权限配置/修改/撤销响应时间≤1秒，敏感信息识别响
plan-050,P0,段落缺批注,"段落缺少批注: ""- 可靠性：权限管控无遗漏、无错误（未授权用户无法访问），敏感信息识别准确，无误判、漏判，操作日志完整可追溯（保存时间≥""",为该段落添加批注说明,- 可靠性：权限管控无遗漏、无错误（未授权用户无法访问），敏
plan-051,P0,段落缺批注,"段落缺少批注: ""- 可服务性：支持权限配置错误排查，提供权限等级说明文档，敏感信息误判时可手动解除隔离，操作日志导出支持多种格式，支持在""",为该段落添加批注说明,- 可服务性：支持权限配置错误排查，提供权限等级说明文档，敏
plan-052,P0,段落缺批注,"段落缺少批注: ""- 经用户授权后，不导入个人终端设备上的文档即可自动索引和检索个人知识。""",为该段落添加批注说明,- 经用户授权后，不导入个人终端设备上的文档即可自动索引和检
plan-053,P0,段落缺批注,"段落缺少批注: ""【应用场景】：适用于私有化部署大模型的办公场景，用户需基于指定模板和参考知识，快速生成符合格式规范的docx文档，涵盖日""",为该段落添加批注说明,【应用场景】：适用于私有化部署大模型的办公场景，用户需基于指
plan-054,P0,段落缺批注,"段落缺少批注: ""【利益相关者/执行人员】：使用私有化大模型办公的职场人员（如行政、文案、运营、技术文档撰写者等），需依托模板和参考资料高""",为该段落添加批注说明,【利益相关者/执行人员】：使用私有化大模型办公的职场人员（如
plan-055,P0,段落缺批注,"段落缺少批注: ""【条件】：已部署私有化大模型环境，用户已安装office word与wps办公软件；需提前准备好文档主题、框架参考文档（""",为该段落添加批注说明,【条件】：已部署私有化大模型环境，用户已安装office w
plan-056,P0,段落缺批注,"段落缺少批注: ""【输入】：用户提供的文档主题、框架参考文档、内容参考文档（指定知识库/上传文档，上传文档支持常见格式，如：doc、doc""",为该段落添加批注说明,【输入】：用户提供的文档主题、框架参考文档、内容参考文档（指
plan-057,P0,段落缺批注,"段落缺少批注: ""【做什么，程度/效果/反馈】：大模型依据输入信息及私有化环境配置，自动生成符合模板框架、格式规范的docx文档内容；支持""",为该段落添加批注说明,【做什么，程度/效果/反馈】：大模型依据输入信息及私有化环境
plan-058,P0,段落缺批注,"段落缺少批注: ""【输出】：符合模板格式规范、内容贴合参考资料及用户需求的docx文档，内容片段附带溯源批注；文档生成位置可按需选择（现有""",为该段落添加批注说明,【输出】：符合模板格式规范、内容贴合参考资料及用户需求的do
plan-059,P0,段落缺批注,"段落缺少批注: ""【外界反应】：生成过程中若出现软件切换、页面卡顿等情况，恢复正常办公界面后，用户可选择继续生成、暂停生成或终止生成；生成""",为该段落添加批注说明,【外界反应】：生成过程中若出现软件切换、页面卡顿等情况，恢复
plan-060,P0,段落缺批注,"段落缺少批注: ""一、性能约束（必须符合）""",为该段落添加批注说明,一、性能约束（必须符合）
plan-061,P0,段落缺批注,"段落缺少批注: ""- 文档生成响应时延≤3s，单文档生成总时长≤300s（单文档篇幅≤50页）。""",为该段落添加批注说明,- 文档生成响应时延≤3s，单文档生成总时长≤300s（单文
plan-062,P0,段落缺批注,"段落缺少批注: ""- 参考文档解析成功率≥99%，支持格式（doc、docx、txt、pdf、xlsx、ppt、图片等）兼容率100%。""",为该段落添加批注说明,- 参考文档解析成功率≥99%，支持格式（doc、docx、
plan-063,P0,段落缺批注,"段落缺少批注: ""- 光标处插入生成时延≤2s，预览刷新时延≤1s，无卡顿。""",为该段落添加批注说明,- 光标处插入生成时延≤2s，预览刷新时延≤1s，无卡顿。
plan-064,P0,段落缺批注,"段落缺少批注: ""- 溯源批注生成准确率100%，插入位置准确率95%。""",为该段落添加批注说明,- 溯源批注生成准确率100%，插入位置准确率95%。
plan-065,P0,段落缺批注,"段落缺少批注: ""二、可靠性约束（必须符合）""",为该段落添加批注说明,二、可靠性约束（必须符合）
plan-066,P0,段落缺批注,"段落缺少批注: ""- 生成文档框架与给定模板一致性100%，无格式错乱、缺失。""",为该段落添加批注说明,- 生成文档框架与给定模板一致性100%，无格式错乱、缺失。
plan-067,P0,段落缺批注,"段落缺少批注: ""- 生成内容贴合参考资料及主题，生成结果相关性≥95%。""",为该段落添加批注说明,- 生成内容贴合参考资料及主题，生成结果相关性≥95%。
plan-068,P0,段落缺批注,"段落缺少批注: ""- 文档下载、插入WPS/WORD成功率100%，无文件损坏。""",为该段落添加批注说明,- 文档下载、插入WPS/WORD成功率100%，无文件损坏
plan-069,P0,段落缺批注,"段落缺少批注: ""- 私有化环境下连续生成50份文档无崩溃、无异常退出。""",为该段落添加批注说明,- 私有化环境下连续生成50份文档无崩溃、无异常退出。
plan-070,P0,段落缺批注,"段落缺少批注: ""- 软件切换、卡顿恢复后，生成进度可续接，无内容丢失。""",为该段落添加批注说明,- 软件切换、卡顿恢复后，生成进度可续接，无内容丢失。
plan-071,P0,段落缺批注,"段落缺少批注: ""- 暂停/终止生成后，不残留异常文件，不占用超额系统资源。""",为该段落添加批注说明,- 暂停/终止生成后，不残留异常文件，不占用超额系统资源。
plan-072,P0,段落缺批注,"段落缺少批注: ""三、可服务性约束（必须符合）""",为该段落添加批注说明,三、可服务性约束（必须符合）
plan-073,P0,段落缺批注,"段落缺少批注: ""- 生成异常（解析失败、卡顿等）即时提示原因，故障定位≤3s。""",为该段落添加批注说明,- 生成异常（解析失败、卡顿等）即时提示原因，故障定位≤3s
plan-074,P0,段落缺批注,"段落缺少批注: ""- 模型参数调整即时生效，无延迟，配置可保存复用。""",为该段落添加批注说明,- 模型参数调整即时生效，无延迟，配置可保存复用。
plan-075,P0,段落缺批注,"段落缺少批注: ""- 支持生成历史查看、下载、删除。""",为该段落添加批注说明,- 支持生成历史查看、下载、删除。
plan-076,P0,段落缺批注,"段落缺少批注: ""- 必须兼容国内主流开源大模型（如QWEN3-32b、Deepseek32b），模型适配成功率100%。""",为该段落添加批注说明,- 必须兼容国内主流开源大模型（如QWEN3-32b、Dee
plan-077,P0,段落缺批注,"段落缺少批注: ""【应用场景】项目组成员在撰写项目报告、方案、技术文档等项目文档时，需从企业知识库中复用已有合规内容片段（章节、图片、表格""",为该段落添加批注说明,【应用场景】项目组成员在撰写项目报告、方案、技术文档等项目文
plan-078,P0,段落缺批注,"段落缺少批注: ""【利益相关者/执行人员】项目组成员、知识库管理员、文档库管理员。""",为该段落添加批注说明,【利益相关者/执行人员】项目组成员、知识库管理员、文档库管理
plan-079,P0,段落缺批注,"段落缺少批注: ""【条件】""",为该段落添加批注说明,【条件】
plan-080,P0,段落缺批注,"段落缺少批注: ""【输入】""",为该段落添加批注说明,【输入】
plan-081,P0,段落缺批注,"段落缺少批注: ""【做什么，程度/效果/反馈】""",为该段落添加批注说明,【做什么，程度/效果/反馈】
plan-082,P0,段落缺批注,"段落缺少批注: ""【输出】""",为该段落添加批注说明,【输出】
plan-083,P0,段落缺批注,"段落缺少批注: ""【外界反应】""",为该段落添加批注说明,【外界反应】
plan-084,P0,段落缺批注,"段落缺少批注: ""一、性能约束""",为该段落添加批注说明,一、性能约束
plan-085,P0,段落缺批注,"段落缺少批注: ""二、可靠性约束""",为该段落添加批注说明,二、可靠性约束
plan-086,P0,段落缺批注,"段落缺少批注: ""三、可服务性约束""",为该段落添加批注说明,三、可服务性约束
plan-087,P0,段落缺批注,"段落缺少批注: ""乙方开发的所有模块，需支持数据库高可用部署，采用主从架构，确保主库故障时，从库可快速切换，不影响模块正常运行；模块服务需""",为该段落添加批注说明,乙方开发的所有模块，需支持数据库高可用部署，采用主从架构，确
plan-088,P0,段落缺批注,"段落缺少批注: ""乙方开发模块需确保数据不丢失，数据库需配置定时备份机制，支持定时备份，备份数据可正常恢复，备份过程不影响模块正常运行；模""",为该段落添加批注说明,乙方开发模块需确保数据不丢失，数据库需配置定时备份机制，支持
plan-089,P0,段落缺批注,"段落缺少批注: ""乙方开发模块需具备良好的可扩展性，模块架构设计需遵循模块化、解耦原则，各功能模块独立封装，接口标准化，支持后续新增功能、""",为该段落添加批注说明,乙方开发模块需具备良好的可扩展性，模块架构设计需遵循模块化、
plan-090,P0,段落缺批注,"段落缺少批注: ""乙方开发模块需完善日志体系，包含操作日志、系统日志、错误日志三大类，日志需规范、详细，可追溯；操作日志需记录所有对模块的""",为该段落添加批注说明,乙方开发模块需完善日志体系，包含操作日志、系统日志、错误日志
plan-091,P0,段落缺批注,"段落缺少批注: ""乙方开发模块需支持非容器部署，可在以下Linux操作系统上正常安装、运行，无需修改代码或进行额外配置：Ubuntu（20""",为该段落添加批注说明,乙方开发模块需支持非容器部署，可在以下Linux操作系统上正
plan-092,P2,标点,[标点] 段落开头使用了中文不常见的连接号'——'来引导列表项，与整体文档风格不一致。,建议将开头的'——'替换为更符合中文列表规范的格式，例如'·'或直接缩进说明。例如修改为：'目标知识库存放路径（如品类/子品类/项目/文档）。'，或与其他列表项,——目标知识库存放路径（如品类/子品类/项目/文档）。
plan-093,P3,重复,[重复] “入库效率显著提升”与第一段结尾“提升知识资产沉淀效率”在整体文档层面可能含义相近，但在本段内部与“用户无需手动整理和转换格式”结合，表达是集中的。此,可将“知识入库效率显著提升”修改为“知识入库效率得以大幅提高”或“有效提升知识入库效率”，使表达更正式、具体。,用户无需手动整理和转换格式，知识入库效率显著提升。
plan-094,P2,语病,[语病] “企业知识库内容快速丰富”是一个缺乏主语的句子片段，与后一句“文档管理员管理负担减轻”并列时，结构上不够完整和平衡。虽然在此类需求列表中可以接受短句，,建议补充主语或调整句式，使其表达更完整。例如修改为：“企业知识库内容得以快速丰富，同时文档管理员的管理负担得以减轻。”或者“此举能快速丰富企业知识库内容，并减轻,企业知识库内容快速丰富，文档管理员管理负担减轻。
plan-095,P3,口语化,[口语化] “达标时”、“若解析质量不足或误报率高”等表达偏向于口语化或非正式书面语。在正式文档中，可以使用更精确、书面的词汇。,建议将“达标时”改为“达到标准时”或“符合要求时”；将“若解析质量不足或误报率高”改为“若解析质量不佳或误报率较高”。“需优化”可以保留，但整体语境可以更书面。,当解析准确率与敏感识别率达标时，用户对自动化工具的信任度增强
plan-096,P4,通顺性,[通顺性] “或结合全网信息获取精准答案”这一分句，其主语承接前面的“个人用户”，但“结合全网信息”的行为描述不够清晰，且与前半句“快速查找个人知识库中的知识”,可调整语序和用词，使逻辑更顺畅。例如：“个人用户可快速查找个人知识库，或借助全网信息获取精准答案；企业用户则需查找内部知识，且仅能查看权限范围内的内容，从而高效,【应用场景】个人用户需快速查找个人知识库中的知识，或结合全网
plan-097,P4,通顺性,[通顺性] “指定知识库（所停留界面、或所选择文档夹、或所打开文档下、跨文件夹或文件）”这部分括号内的解释列举了多种情况，但“所停留界面、或所选择文档夹、或所打,建议规范并列关系的标点，并澄清可能歧义的表述。例如修改为：“指定知识库（可为当前停留的界面、选定的文件夹、正打开的文档所在位置，或进行跨文件夹/文件检索）。”这,【输入】检索关键词、指定知识库（所停留界面、或所选择文档夹、
plan-098,P4,通顺性,[通顺性] “检索/问答过程中系统不崩溃”与“权限筛选无遗漏”语义衔接略微松散。后句括号内的解释使句式稍显冗长。,“可靠性：系统在检索/问答过程中运行稳定不崩溃；权限筛选严密，避免对未授权内容的不当展示；溯源链接准确且可跳转；支持多轮追问的连续响应，且无答非所问或内容错误的,- 可靠性：检索/问答过程中系统不崩溃，权限筛选无遗漏（未授
plan-099,P4,通顺性,[通顺性] “提供检索技巧指南”与前文语义连续性可优化，“系统异常时自动提示并恢复服务”表述略显口语化。,“可服务性：支持对检索/问答结果进行反馈（当结果不精准时可提交反馈）；提供相关检索操作指南；在权限不足时，系统提示授权申请入口；当系统异常时，能自动提示并尝试恢,- 可服务性：支持检索/问答结果反馈（如结果不精准可提交反馈
plan-100,P2,语病,[语病] “支持同时配置多个部门/用户权限（≥100个）”中“≥100个”的修饰对象不明确，是“部门/用户”的数量还是“权限”的数量？,“性能：权限的配置、修改、撤销操作响应时间不超过1秒；敏感信息识别响应时间不超过3秒；操作日志的查询与导出响应时间不超过3秒；支持同时为多个部门或用户（数量不低,- 性能：权限配置/修改/撤销响应时间≤1秒，敏感信息识别响
plan-101,P4,通顺性,[通顺性] “支持权限配置错误排查，提供权限等级说明文档”句式不平行，通顺性有待提升。,“可服务性：提供权限配置错误的排查支持与权限等级说明文档；当敏感信息被误判时，支持手动解除隔离；操作日志导出支持多种格式；同时支持权限相关问题的在线咨询。”,- 可服务性：支持权限配置错误排查，提供权限等级说明文档，敏
plan-102,P2,语病,[语病] 双重否定“不导入...即可...”和长定语“个人终端设备上的”使句子略显拗口。核心意思是无需导入即可索引检索。,“在获得用户授权后，系统无需导入个人终端设备上的文档即可自动对其知识进行索引和检索。”,- 经用户授权后，不导入个人终端设备上的文档即可自动索引和检
plan-103,P4,通顺性,[通顺性] 长句过多，主语从“应用场景”跳转到“用户”，再到“涵盖...场景”，句子结构较复杂，可读性受影响。,“【应用场景】：本功能适用于私有化部署大模型的办公场景。用户可基于指定的模板和参考知识，快速生成符合格式规范的docx文档。它涵盖了日常办公文书、专业报告、业务,【应用场景】：适用于私有化部署大模型的办公场景，用户需基于指
plan-104,P4,通顺性,[通顺性] 句子冗长，主语“职场人员”后跟了很长的定语和描述，阅读起来不够流畅。,“【利益相关者/执行人员】：使用私有化大模型办公的职场人员（如行政、文案、运营、技术文档撰写者等）。这类用户需要依托模板和参考资料高效完成文档创作，并对文档的格,【利益相关者/执行人员】：使用私有化大模型办公的职场人员（如
plan-105,P2,标点,[标点] 使用破折号 “——” 来区分“必填”和“非必填”项，且段落较长，但破折号在中文中用于解释说明或语义转折，此处用分号“；”或另起项目符号列表更清晰。,“【条件】：已部署私有化大模型环境，且用户已安装Office Word或WPS办公软件。需提前准备以下信息：必须提供：文档主题、框架参考文档（模板）、内容参考文,【条件】：已部署私有化大模型环境，用户已安装office w
plan-106,P4,通顺性,[通顺性] 输入项以长列表形式呈现，缺乏逻辑连接词，略显堆砌。括号内的解释使句子结构复杂。,“【输入】：由用户提供以下信息：文档主题、框架参考文档（模板）、内容参考文档（可从指定知识库选择或上传文档，支持doc、docx、txt、pdf、xlsx、pp,【输入】：用户提供的文档主题、框架参考文档、内容参考文档（指
plan-107,P4,通顺性,[通顺性] 段落内容极为丰富，包含多个并列动作和说明，全部放在一个句子或紧密连接的句中，导致句子过长，信息密度过高，不易阅读。,“【做什么，程度/效果/反馈】：大模型基于输入信息及私有化环境配置，自动生成符合模板框架和格式规范的docx文档内容。支持在用户已打开的Office Word或,【做什么，程度/效果/反馈】：大模型依据输入信息及私有化环境
plan-108,P4,通顺性,[通顺性] “文档生成位置可按需选择（现有文档光标处/新建空白文档）”与前段[11]重复，且句子并列关系处理可优化。,“【输出】：生成符合模板格式规范、内容贴合参考资料及用户需求的docx文档，内容片段附有溯源批注。文档生成位置可选（现有文档光标处或新建空白文档），生成结果最终,【输出】：符合模板格式规范、内容贴合参考资料及用户需求的do
plan-109,P4,通顺性,[通顺性] 句子前半部分处理异常情况，后半部分说明正常操作，转折不够清晰。“文文一致性”为不常见的简称。,“【外界反应】：生成过程中如遇软件切换或页面卡顿，在办公界面恢复后，用户可选择继续、暂停或终止生成。用户确认接受生成内容后，可直接将其插入Office Word,【外界反应】：生成过程中若出现软件切换、页面卡顿等情况，恢复
plan-110,P2,标点,[标点] 第一句结尾使用分号“；”不当，其后内容是对“日志需规范、详细，可追溯”的解释或详述，建议改用冒号“：”以引出具体说明。此外，整段最后一项要求后的分号可,将“日志需规范、详细，可追溯；”中的分号改为冒号。例如：“乙方开发模块需完善日志体系，包含操作日志、系统日志、错误日志三大类，日志需规范、详细，可追溯：”。同时,乙方开发模块需完善日志体系，包含操作日志、系统日志、错误日志
